Quantity,Price,Part number
1,"50,32",bosch-umbdklzfeh
1,"50,34",vdo-sjpdjwxblg
2,"101,58",brembo-imtytboink
1,"57,62",bosch-fprxpsmsku
1,"54,9",ferodo-dgsrdovtqv
4,"85,88",ferodo-fhdgxujbnl
2,"112,44",bosch-bvyeulvzhb
1,"155,8",bosch-gzxleaofui
1,"58,7",delphi-qbmwaqxekd
1,"9,62",purflux-rmfyomzmqr
1,"159,14",delphi-xycifkbyqv
1,"54,63",ferodo-aiuswwsleg
1,"52,73",bosch-ffqnxwyxtm
1,"50,29",bosch-yhhtgdujcq
1,"10,41",bosch-wayjseefnv
1,"54,49",vdo-ofnumdkdyk
1,"164,74",vdo-eetlnkdgda
1,"58,84",valeo-vlevlqfgod
1,"8,45",mann-nmytlfipvt
1,"10,9",mann-qomlrqmgkd
1,"55,64",bosch-sltealbmox
1,"7,52",mann-qnkqakigzm
1,"157,69",delphi-evbuchdync
4,"83,68",ferodo-wrirjzllyc
1,"51,36",bosch-wabliupvsx
2,"117,88",valeo-bmxieybofg
4,"90,12",ferodo-prxtwxiqlf
1,"169,06",delphi-xbjzsgwuoi
2,"113,2",brembo-fqrlfccrqm
1,"54,35",delphi-gtolfhvxnv
1,"50,66",vdo-nleoanthwb
1,"165,59",delphi-llvkpjsrvp
4,"84,28",valeo-lycqnpwqrv
1,"150,33",vdo-jngnicolop
1,"10,04",mann-qqcuwxxwin
1,"52,1",vdo-wrtglvcuzg
1,"9,54",purflux-ohqgulbalb
1,"53,42",delphi-cfeazvtlga
1,"154,09",delphi-bknrzuyzkv
1,"51,57",bosch-wkmyhhpcvk
1,"165,52",vdo-wxlvjymslu
4,"92,04",brembo-xmddxigjjn
1,"57,58",vdo-kltedtylef
1,"157,49",bosch-rlclygyfsz
1,"57,01",ferodo-cnbvpacsbh
1,"56,0",ferodo-srvrbcejkv
4,"80,84",ferodo-rdvkhfpxcj
1,"164,42",bosch-leipwuntnc
1,"7,97",bosch-zerdfcnhzq
1,"7,87",bosch-mftunxntjs
1,"7,62",purflux-blnqtgkacw
1,"10,42",purflux-tgkzzlbscu
1,"164,71",vdo-mbzgrgabut
4,"80,88",ferodo-nbwpltvhge
1,"10,5",bosch-gcjbcpjixo
1,"8,95",bosch-gwiigrxxrm
4,"86,96",brembo-cspvhwvdlm
1,"156,07",bosch-gmydtscqej
1,"7,21",bosch-evhofiwqvw
1,"156,83",delphi-ustaygwnfd
1,"165,75",vdo-rsfehynkku
1,"54,48",delphi-unbykdvptb
4,"99,72",valeo-vbkatpukyt
1,"7,43",purflux-ovtwncwlzr
2,"113,26",brembo-hynsmpvudy
1,"52,9",brembo-jyokfyjtiv
4,"99,6",brembo-qbbsubndzi
4,"90,12",bosch-uxpoazpbgz
4,"98,28",valeo-anntvafvzx
1,"160,01",delphi-bqfholvgbw
2,"110,06",ferodo-cxfnenvjov
4,"82,36",ferodo-pusnhyvejo
4,"92,84",bosch-spwuuxyfku
1,"7,12",mann-kbyehltkio
1,"8,69",mann-okjljwzrwa
4,"84,4",bosch-bimihqhgrg
1,"10,78",mann-fiqvwyjnin
4,"97,0",bosch-svddmffxow
1,"53,37",ferodo-uagfmgzxqt
2,"109,84",bosch-cfrpvpcrfa
2,"117,46",ferodo-avxuromfqz
1,"51,38",valeo-sptgfsjyna
1,"58,78",bosch-pxkpopcbww
4,"96,08",valeo-bmkptcoqtf
1,"57,97",ferodo-ugrsirhaxt
1,"54,44",bosch-gryblltblt
4,"85,16",bosch-pkwajzbtmt
1,"168,54",vdo-qisbaysnqi
2,"100,98",ferodo-gzofryqprv
1,"9,13",mann-abcfqcbwto
4,"83,04",valeo-hwxaoynczx
1,"10,85",bosch-jqxvxfqtrb
1,"161,64",vdo-sujwnapdwz
1,"10,43",purflux-mfxmzwfotq
4,"93,0",valeo-kkewodmfpl
1,"55,33",brembo-fcqwythkks
4,"82,4",ferodo-ixywnvoldd
1,"156,24",bosch-duavofiojz
1,"55,39",delphi-anxaknfhqp
1,"10,43",bosch-lnalidpkyh
1,"9,69",bosch-fzufimqzyq
1,"7,53",bosch-tdztxxjmzk
1,"160,06",vdo-huqbmrorps
1,"159,65",delphi-wmvdhxfehh
1,"9,66",mann-kakalbhjed
1,"7,66",purflux-mfynfkplgp
1,"9,35",mann-dirbzeotwb
1,"9,25",bosch-unbiftaexx
1,"7,21",bosch-pbqiopxqxe
4,"99,88",bosch-lfwtduvzlo
2,"101,84",brembo-wesdezjaxi
1,"57,04",vdo-psvplnqeie
1,"8,68",mann-dnhmbwxgju
4,"95,12",bosch-hdjhgxeutd
1,"10,07",purflux-cihjzldzmq
1,"59,99",valeo-sithxcyyne
2,"119,4",valeo-tphosnojhu
2,"101,44",ferodo-mzcmiqbsaq
4,"84,68",valeo-jipesxlejs
4,"92,8",valeo-izivrraxcl
1,"52,77",bosch-qjcwplpsqm
4,"88,88",valeo-xdrddimvcd
2,"112,8",ferodo-jkuiyfvhco
1,"58,91",delphi-jjhhtpkrra
1,"54,36",vdo-rltgexshro
1,"166,63",vdo-omolihjldl
1,"57,64",bosch-wtheucwhhx
1,"8,21",bosch-sxutrjqnbu
2,"106,98",ferodo-zbjadzfchd
1,"58,5",delphi-lmzwboczzg
4,"92,6",valeo-ozzwtkthix
1,"161,96",vdo-fzwyghnwjb
1,"10,59",mann-nnofnscoag
1,"53,32",vdo-nkxbjrrhhh
1,"52,07",brembo-iblyqowrse
1,"10,27",bosch-bukderpudj
1,"10,23",mann-akyxacshnk
1,"51,67",delphi-ialzfffmpo
1,"9,58",bosch-hnaoviwllz
1,"58,61",bosch-jekllmqsnh
1,"57,67",bosch-pyqflhumcz
4,"95,04",bosch-rsosrtbqyp
1,"57,69",bosch-jmafeqjkop
1,"55,67",bosch-lhophuiics
4,"85,08",valeo-vzscaihrgj
1,"158,47",vdo-rdrdgvioli
1,"165,12",vdo-nfseocelaa
1,"151,94",delphi-cmuwkfeibq
1,"7,71",purflux-psdngagpdf
1,"57,68",valeo-phhrkdqgvc
1,"153,96",vdo-szngjhloih
4,"89,32",ferodo-nkbgnixrrc
1,"51,31",valeo-cvygoxsahn
2,"107,38",bosch-kccokrwaur
1,"55,75",vdo-uhjelycwmf
4,"99,48",ferodo-ahcrqxoxbr
1,"52,7",vdo-aangyafeha
2,"115,66",bosch-ztlwfwhboe
1,"8,17",bosch-laabctsysa
1,"56,87",bosch-vyksbdqmpj
2,"114,52",ferodo-efthffxclz
1,"7,33",bosch-tlhnylmakd
4,"96,8",bosch-owdupcdypk
1,"168,21",bosch-vetvqovjpa
4,"93,12",valeo-tzdqylgmfx
1,"158,61",bosch-qoobsqmpqo
4,"87,44",ferodo-cpfaxwfuwl
1,"54,94",delphi-feuvfnorlv
4,"82,64",valeo-xtugefdggm
1,"50,03",bosch-cehmcsqkpl
2,"119,72",brembo-ekzhtvuirx
1,"52,72",delphi-vdecmgucrd
1,"50,96",ferodo-ygdzuhnhos
1,"9,37",mann-znamcijdvy
1,"162,78",delphi-zbctykatno
1,"9,1",bosch-mhjibbyqwn
4,"82,12",ferodo-pqjvcyetze
4,"81,4",brembo-intdjtvfov
4,"84,88",ferodo-oxhvymnxdl
1,"8,23",mann-klybewwuzk
1,"8,32",mann-qklqucmohc
1,"169,24",bosch-kxiqvwavwz
1,"9,6",purflux-tmflzpukbu
1,"55,3",bosch-duunlyfrnb
1,"52,27",bosch-lcgxwmshmf
1,"163,34",delphi-shswrtmyyn
1,"53,9",delphi-tjehmwxhdr
1,"51,82",vdo-jtguxxhrll
2,"104,68",ferodo-qpheululqz
1,"8,26",purflux-zeqxoslchr
2,"106,36",ferodo-wfzhquwerh
4,"97,68",bosch-vnlfoegwnj
4,"89,56",bosch-unonohgekc
2,"119,06",bosch-gpvqzjvwyx
2,"112,18",brembo-jbrllhasko
1,"51,6",brembo-onebojeocu
1,"164,68",delphi-dajqnnmvlp
1,"54,75",bosch-vqeixndttp
1,"58,48",bosch-ukqjmlqrrn
1,"58,57",valeo-demgictfjq
1,"51,65",bosch-dpxmaoruzp
1,"10,57",purflux-wwzhumopdz
4,"91,52",ferodo-neittsreze
1,"55,77",bosch-mbxnbkthnd
2,"104,04",brembo-rarksuoyii
4,"80,88",valeo-aftltxlabo
1,"155,3",delphi-qmlezvompw
4,"83,08",ferodo-twdpwmsfpe
2,"117,18",ferodo-umzqusmhbh
1,"50,6",bosch-gaeaztvxvd
1,"152,06",vdo-hpynwivuiz
1,"59,08",valeo-ivabtxwwwf
1,"52,29",vdo-dbvsktfqgv
4,"88,4",valeo-panxnbjlrw
1,"50,8",brembo-gcamwzhjvo
2,"102,16",ferodo-ibhtwycoyj
1,"9,62",bosch-axpqqhzwua
1,"7,88",purflux-cmtzlfrjuy
1,"165,58",bosch-vjawcsiand
1,"9,39",bosch-ddehddfzej
1,"157,45",bosch-gczkuxutel
1,"150,06",bosch-btjvlcqfnt
4,"86,08",ferodo-mijfpbwsni
1,"168,83",vdo-reivfixfkv
1,"56,13",delphi-dypyaxhjhd
4,"82,64",bosch-dxrxstmyru
1,"152,84",delphi-ibzelcfwoc
1,"58,15",vdo-quvejsizqa
1,"7,52",mann-icfjnpxkuv
1,"7,53",purflux-iknebayiho
4,"88,92",valeo-xgenprnnay
4,"84,76",ferodo-ijgrikpdcc
1,"158,26",bosch-hovaghofbl
1,"10,77",mann-nmcvmfccxc
1,"156,43",delphi-yohpwqqhoz
1,"162,95",bosch-odcpgaaukm
1,"58,42",bosch-enbhivciyi
1,"57,34",delphi-qpctmeyqls
1,"7,83",mann-lncnnqzgfl
1,"59,8",bosch-hqrdtkrqkh
1,"8,66",mann-bxjdrtudil
4,"97,76",brembo-sxitnaypzo
2,"112,18",brembo-hwfmaruhka
4,"86,84",bosch-cfwhofzdue
1,"152,17",delphi-wztpefousy
1,"56,15",vdo-kwrffwdptf
1,"55,29",delphi-dhvdbewsrr
1,"163,33",delphi-jvsxpzswqg
1,"9,88",bosch-rrtfjdufoj
4,"80,76",brembo-fkguzminiy
1,"9,51",purflux-ytbytrbdct
2,"102,14",bosch-szrimkbgsn
2,"114,12",bosch-rhouqciphc
1,"57,87",delphi-kvpmxwjyfn
1,"58,22",delphi-ibrpojrahb
4,"89,0",brembo-qydpkqlsfi
4,"84,44",bosch-rmkfgxztda
4,"87,32",valeo-wdqbsdfnxv
4,"80,04",valeo-oejdivauko
1,"51,99",delphi-atfjfdmgvq
1,"152,15",bosch-dsjbimqfkt
1,"50,8",ferodo-mbblkipnvn
1,"168,48",vdo-ddvevofpyf
1,"52,92",brembo-fdjobnerqq
2,"110,22",brembo-wheevduhup
1,"54,38",bosch-etovzatndm
2,"114,02",bosch-zvweqywnob
1,"150,29",delphi-wqseoxhleg
4,"84,2",valeo-lpkqmccqvd
1,"56,53",bosch-lduvtqpjbi
1,"168,7",bosch-rtuoixdpgy
1,"10,97",purflux-zqyghnwukh
1,"8,88",bosch-ijjpbxfaos
1,"9,32",bosch-vazmgiincu
4,"84,96",bosch-lukhrdgjds
1,"57,87",delphi-unkqoimlmi
1,"51,74",bosch-pqefzwukle
1,"53,87",delphi-rccevtpjtu
1,"8,96",mann-hmudpdrqak
2,"112,4",valeo-meoiqsqmlf
1,"155,18",vdo-pqhjsthvyw
1,"54,71",vdo-njczynkoeo
1,"8,43",bosch-ntohitucfs
4,"83,2",brembo-mcctxsazom
1,"8,91",bosch-pgwzqqteof
1,"7,93",bosch-eguyxcgwqh
1,"158,87",delphi-csmuyzprlc
1,"168,83",bosch-owqnfebgtu
2,"115,48",bosch-aaqiqgkpan
4,"91,84",ferodo-vmjuhuqzlm
1,"55,22",bosch-czvuezdkyo
1,"53,11",bosch-iumjvlpllm
1,"158,54",delphi-vittbvgqxz
1,"167,1",vdo-wnluksredq
1,"52,14",bosch-talaqjxehp
4,"99,84",ferodo-nlzrrsefcd
1,"53,5",bosch-stoflfveva
4,"88,08",ferodo-xdwwmjimsi
1,"8,55",mann-fstzaafbkz
1,"10,12",purflux-qvbhinegls
1,"153,28",vdo-jgtkocuinf
1,"59,57",delphi-dxbcgighvd
1,"157,35",bosch-rhvtwmuvfh
4,"80,96",bosch-uoqvdzsljm
4,"86,4",bosch-zvfwcqbpmv
1,"55,07",bosch-yaapvdlbus
4,"87,68",brembo-skicfnpjmb
1,"57,1",bosch-lfsunllblu
1,"58,22",bosch-krerblestp
2,"118,82",valeo-fiqiwhemzv
1,"50,75",bosch-evujbbrtzl
2,"108,72",valeo-sebkwtugni
4,"83,52",bosch-obzjqrdfbc
1,"8,45",bosch-bqaxstlibk
1,"50,49",delphi-mzkueiltpo
1,"10,25",bosch-yefnvydeot
2,"116,92",valeo-jbmkefrrmd
4,"93,24",valeo-yedkrspymg
1,"160,01",delphi-onyaswyxsd
1,"9,93",purflux-ndfziuomfc
2,"119,34",bosch-uqkafpbtrn
1,"58,51",bosch-dqnykckvcg
1,"167,71",vdo-riyyuyzxey
1,"54,5",bosch-kjrircezqq
4,"83,76",bosch-mnhwxjxvqq
1,"54,22",bosch-ezcdpytozj
4,"91,72",brembo-qvbzyldfur
1,"58,4",bosch-gkmzjamtrd
1,"160,26",vdo-wmkqmrbjgy
2,"105,66",ferodo-kamnscvhdu
1,"163,83",bosch-bppevjolqn
1,"7,13",bosch-eevwgaipur
2,"105,52",brembo-jczeszspns
1,"51,88",delphi-vgtrgqphwo
1,"58,83",vdo-nbwnosuass
1,"52,65",vdo-cxfhbxwvqq
1,"154,21",vdo-bdgdlxhedr
4,"92,92",brembo-ghusqceslm
1,"166,99",delphi-zidszchdxl
1,"169,52",vdo-llfexhvpbb
1,"157,29",vdo-iermqplfxt
1,"7,14",purflux-krsbsvhaxj
2,"119,46",ferodo-bhovxdrpck
4,"85,16",ferodo-qxdghwolqo
2,"111,62",ferodo-nkvqngoyas
1,"56,12",bosch-toravtwxbs
1,"167,51",vdo-lkuecbwuly
1,"58,32",vdo-vpprxmemrg
1,"52,62",vdo-mnwegqjbue
1,"54,72",vdo-nfbgpcafhq
1,"166,18",bosch-xxcbpuzkjq
1,"159,82",delphi-lndrgmrksb
1,"10,72",bosch-pouczkwsqk
1,"7,12",bosch-ewrmjcajax
1,"169,96",delphi-tusyxjijgl
1,"9,27",purflux-heuvqzirbo
4,"87,56",brembo-oywyhumngp
1,"50,81",bosch-agtgemmcpy
1,"152,34",vdo-ynrxdlluzm
1,"52,63",bosch-uakvrmczry
1,"10,07",bosch-dvqnhasata
1,"159,75",delphi-giywzzdaxl
1,"156,24",delphi-zhqkprdwia
1,"7,62",purflux-fkligbhogx
1,"165,2",delphi-przxgonmfm
1,"50,04",bosch-aadpkxlmnx
1,"164,3",vdo-tliotukrtj
1,"161,53",delphi-bgtbjzausm
1,"151,33",vdo-ikfrjtpcnv
1,"58,82",ferodo-izuiguanfk
4,"94,48",valeo-twlpcvletp
1,"9,25",purflux-otyljrgmwf
1,"9,1",purflux-kqhpdxttkr
2,"109,34",ferodo-ogrrzhuzos
1,"59,25",bosch-yoffernxol
1,"58,38",valeo-cuvtlxzkkn
1,"163,1",delphi-kosyhhgulw
1,"58,4",valeo-pappcaiduo
4,"92,64",valeo-vmzwyyhdfs
1,"157,43",bosch-qwnscuewpd
1,"9,65",mann-hjubjdhhvp
1,"54,35",bosch-vcclgbdkrb
4,"81,76",ferodo-ddhdfelixr
1,"52,31",vdo-izvvvjwzxm
1,"54,34",vdo-eykubtuhal
1,"54,46",valeo-bqfpnwyylo
1,"8,47",bosch-yhcpqjuxtq
1,"10,98",mann-dzujcbncbe
1,"7,75",purflux-aerumkooxn
1,"9,67",mann-enuqvtxxrx
1,"7,39",bosch-hijmlanyyy
4,"89,8",valeo-lhmxlnttld
1,"158,58",delphi-dbsmuskdzk
1,"9,85",purflux-gxeqigzeoz
1,"56,9",bosch-iwvdxbdnbp
4,"85,52",brembo-yhgxvtbsur
1,"59,23",delphi-rwzjkqnxsh
1,"55,04",vdo-upwjybxwqj
1,"54,19",delphi-wtulzrsgig
1,"50,37",delphi-bcjfuibgrt
1,"154,65",bosch-qaasfwcsja
1,"58,91",bosch-kgsensgndw
1,"58,91",delphi-anwbwbprrn
2,"109,3",ferodo-yddtsebtjp
1,"52,4",brembo-lbfqkuskyo
1,"9,11",bosch-eqtazdichq
1,"166,38",vdo-yzgdcpvkam
1,"159,34",delphi-zxqeduoorm
2,"118,92",valeo-muxnbnkkys
1,"51,97",vdo-ngiuoosiue
2,"111,7",valeo-owdwrybufk
1,"167,61",bosch-hwxxatnxku
1,"8,23",mann-sjoddzhvzn
1,"58,39",vdo-jzszqzqbra
1,"163,52",bosch-ylwjakenzg
1,"8,86",mann-dlidgelwcg
1,"8,89",mann-fzznxqrgfy
1,"10,75",mann-cstjjddsjc
2,"101,7",brembo-wsmzbujjhm
1,"53,83",vdo-ecngmuegmj
4,"93,8",valeo-qqmeflbuvz
1,"54,02",vdo-nmkoaozrun
1,"150,26",delphi-xaknwionvw
1,"10,45",purflux-hqkdnhsibu
1,"156,38",delphi-ckuprztacc
1,"55,29",vdo-enwsdfvkpn
1,"168,89",vdo-wwjduowrpj
4,"95,6",valeo-pxcaijugsr
1,"54,63",vdo-saqbbsvntz
1,"165,15",bosch-jkyfroliwu
4,"97,68",bosch-zyormoxnox
1,"53,1",delphi-peydwcrsbb
1,"50,94",bosch-ggayuraooa
1,"161,48",vdo-vtoasqihez
1,"10,18",bosch-vygeofwwia
1,"52,62",delphi-tbjkhvcbwr
4,"99,32",valeo-yjdfnwpuqs
1,"150,35",vdo-vqrdgvfznj
1,"55,03",bosch-cujcvgviaa
4,"88,52",ferodo-wtuofnykkk
1,"10,17",bosch-exwjefnbhp
1,"7,27",mann-fjlsawsius
1,"7,03",mann-ppgmmjimke
1,"52,98",delphi-owclbpmrgr
4,"85,28",brembo-wgldrpatpp
4,"88,36",bosch-jtuggpttes
1,"57,47",bosch-diambqcbuj
1,"7,42",bosch-sctgadlglf
4,"93,2",valeo-yzqwnvoreg
1,"162,85",vdo-qzlxspbdrb
2,"111,32",brembo-hzeuswsktl
2,"104,2",bosch-odklflgvfp
2,"119,62",ferodo-skzjipcfhx
1,"8,27",bosch-rdatbcnxxb
1,"155,85",bosch-cephkunuck
1,"164,39",vdo-ngpcmfeuzd
1,"7,74",bosch-twvbrphxhs
1,"160,76",delphi-fwzcccgilk
1,"58,58",brembo-qqcbrytpko
1,"161,09",bosch-bffakgalzh
4,"94,56",valeo-djzvekzhho
2,"107,2",ferodo-lltqypbhsu
2,"105,44",brembo-pgysyoadvm
4,"94,36",brembo-rjydfebriq
1,"54,38",bosch-duvtrxwpjz
1,"9,01",bosch-xsezopxtpy
1,"54,15",bosch-pznghywnan
2,"110,78",valeo-iozosmvxpk
1,"10,92",purflux-fgtajxldsq
1,"10,49",bosch-ekxpuggjlg
4,"90,4",bosch-jxllqhlsxg
1,"169,56",bosch-gpxbgxbhtk
1,"59,69",bosch-efytuwpygh
1,"57,06",brembo-oniicgrpwx
1,"58,86",brembo-qwvgotcuuq
2,"107,22",ferodo-hkbxwyegeg
1,"150,24",delphi-jzwaiumefm
1,"9,29",mann-qizcgvqslf
1,"150,9",vdo-zxqmcbrbsf
1,"10,68",bosch-bafkbnhqve
1,"9,53",mann-jahkeetsbg
1,"167,86",delphi-egeglepblc
1,"163,4",vdo-xozxclzwnx
1,"52,87",bosch-bejlxrvwyy
1,"57,27",delphi-juruystqtc
1,"163,16",delphi-msuxmphzyk
1,"10,61",mann-nuyuvnzsgw
1,"51,03",vdo-hvmlahvcsq
1,"9,82",mann-xwcjeumqdb
1,"153,54",delphi-qmxgbwcwsx
1,"9,17",purflux-hqrnbyljlw
1,"53,92",bosch-kczzrxmfuz
1,"56,75",delphi-ouvwkefgwg
2,"119,42",bosch-cuqfmqcglq
1,"9,29",bosch-vmirjnqkrs
1,"58,15",bosch-iurhbzjolp
4,"82,6",valeo-wpvlewedtl
4,"92,4",valeo-gdbesgtmcq
1,"162,4",bosch-wkhprlxidq
2,"110,98",bosch-tlkyjitmge
4,"81,2",bosch-qutxcbauda
4,"93,2",bosch-enuqwrbklm
1,"58,73",bosch-jtlspchwzf
1,"56,0",delphi-wxzucuyeak
4,"93,48",brembo-mxgnpdqafe
1,"10,47",mann-wygpqjmgtz
1,"160,17",vdo-zvebypqimc
1,"54,13",delphi-zzwjynpekr
1,"154,0",vdo-usgomcemog
1,"57,35",bosch-ccsjkgrbvj
1,"54,37",delphi-pbksptokxp
1,"9,5",bosch-waxjylwmtt
4,"88,28",valeo-jtbfoupiod
1,"8,13",mann-piolruduaw
1,"59,68",delphi-prkfbimqma
1,"8,25",purflux-tvdlefthny
4,"85,04",valeo-czgwmdtwww
4,"91,56",bosch-msvsbislty
4,"82,92",bosch-oofqelimfi
1,"50,51",bosch-rgafmtkujs
1,"168,22",delphi-ennaoyudgf
1,"155,89",delphi-orzrmccigz
4,"95,56",bosch-ahwpaiocqu
1,"10,88",bosch-znbolsvico
1,"53,19",delphi-lhioyyvflt
1,"56,42",valeo-snavyzvtrk
1,"8,53",bosch-kcquqmfqxu
1,"163,93",bosch-wiaiuwgufz
4,"97,44",brembo-rbcctcmznu
4,"93,08",bosch-iynxvzcypq
1,"56,75",vdo-wtokstaaxu
1,"9,97",purflux-avxbkuwdpl
1,"52,72",bosch-ccabpfktct
1,"161,75",delphi-rixknqixie
2,"108,52",valeo-lohjjfchyw
1,"54,97",delphi-fyvzmusmse
2,"101,44",brembo-xloloflztd
1,"55,08",bosch-yfasxphfyq
4,"80,84",bosch-xqmlqzypqy
2,"113,98",bosch-duoccwpdkv
1,"164,05",bosch-nntklukfjg
4,"82,04",ferodo-ukquctctcn
1,"8,23",mann-ebsjttidfg
1,"7,37",purflux-kkcepyunfm
1,"155,61",bosch-abkfljuyjj
1,"53,9",delphi-rhgyravnhx
1,"55,36",vdo-bmuutwusoa
1,"59,78",bosch-clfbvrsnfn
1,"156,87",bosch-wsunlrraoo
1,"9,64",purflux-utzvlaquyl
4,"89,08",valeo-faekuufkho
1,"160,27",bosch-vukfbgvogl
4,"96,0",valeo-znpbcivsnl
1,"8,89",bosch-ccmazbwnxm
1,"10,75",purflux-wlrbswkqmr
2,"104,68",brembo-lickabhusr
1,"154,45",delphi-hksuitnbsq
2,"110,6",ferodo-rbutcdsnnt
1,"59,29",ferodo-srjqjhgfpe
1,"54,56",bosch-nwezlmvujd
2,"104,94",ferodo-wdggpttzbz
4,"89,36",valeo-jyqdkpmpbk
1,"9,6",purflux-fnkbfsflhs
1,"7,91",mann-hkssjrfufm
1,"9,41",purflux-duzzfjxhby
1,"154,89",vdo-smzkwgsdhy
2,"116,56",bosch-yhfggzkoxh
1,"54,44",ferodo-gmbkvyeffk
1,"159,61",bosch-fksbiackby
1,"52,99",delphi-whsozvlkjb
1,"10,15",bosch-cxyomdpxfz
1,"58,85",bosch-xnkdcdtabz
4,"92,0",ferodo-kqanngtkjt
2,"107,48",bosch-tdtmzjlqbv
1,"157,72",bosch-gvbguyqepn
4,"94,8",bosch-piwaizgtzb
1,"165,44",vdo-bykircbwng
1,"7,53",bosch-stxzammexw
1,"59,09",brembo-jmhwofvqsm
1,"151,93",vdo-vzqkyeaiwo
4,"99,52",valeo-rdsesmwrup
1,"7,13",bosch-ecxdtrxvmp
1,"58,49",vdo-ihnotrebfc
1,"56,57",delphi-heuyvnjwzy
1,"55,08",vdo-djzzcpbpky
2,"116,66",valeo-afniddjskv
1,"8,91",purflux-eqyprdkete
4,"93,32",brembo-egpljisxbx
1,"10,55",purflux-wjludfbanx
1,"56,16",ferodo-wbgthughdw
1,"55,58",delphi-xftgdlnzzr
2,"104,72",brembo-cuklvyswsk
1,"7,24",mann-opaafrjrgs
2,"115,38",bosch-pqeunnhvzh
1,"163,33",bosch-vxtpiximvw
1,"7,55",bosch-uuccmghxnh
2,"110,22",bosch-xagynlzwhb
1,"163,59",vdo-ufynumctji
1,"152,85",vdo-hzyfqsurmn
1,"168,46",vdo-qgheuqarlt
1,"9,8",mann-mxmerccdet
1,"10,85",bosch-piuqtgehuy
2,"103,82",ferodo-hsfqblfopm
1,"7,81",mann-qnevdhdinc
1,"162,16",vdo-senvxeudlw
1,"51,64",vdo-wtnbnktrkb
1,"58,49",delphi-brhjpzbkma
1,"8,18",bosch-echbjxwowh
1,"56,14",valeo-ullxplxqeu
1,"162,67",bosch-gfmyuwgtkh
1,"52,67",bosch-uoncietwpw
1,"50,5",bosch-ghmzmxydrt
1,"9,29",mann-yoqcrcejyr
1,"10,93",purflux-sszkhgaewm
2,"104,0",bosch-hdfgdlomol
1,"50,76",valeo-vkzwahgcub
1,"162,14",delphi-jlyxwkffpm
4,"91,96",ferodo-jycdgjryft
1,"10,2",bosch-vqpxpzrfhr
1,"8,38",mann-vupfhsamyi
2,"101,46",bosch-qwfttxdrme
2,"106,18",brembo-lnhgrkelwu
1,"57,34",delphi-ebcrkthqnv
1,"154,14",vdo-fnmndcolme
1,"51,3",vdo-hgwncnfrnl
1,"8,47",mann-cfhxkljhwi
1,"167,93",delphi-ymusoywrtn
1,"55,33",brembo-boixdeqdvc
4,"92,12",ferodo-hezzhiwvpv
1,"165,53",delphi-jydtvhskty
4,"96,28",brembo-rmahrdlowz
1,"51,44",bosch-nucwrzctso
2,"109,68",ferodo-lgertvovvc
1,"169,33",delphi-lysrmombkg
1,"59,19",vdo-gbsgenhrky
4,"91,0",bosch-dojgipvabl
1,"52,97",delphi-theyihusrr
1,"7,79",bosch-oznawyzdmk
4,"88,04",ferodo-ddizehxdzw
1,"7,85",purflux-kbfbroklwc
1,"153,67",bosch-eqbnmojlgy
4,"93,08",valeo-ueuusnyrqn
1,"54,52",brembo-bkraxacdqf
1,"10,37",purflux-iqaawrvuiq
1,"53,83",vdo-knnvdkpquu
2,"106,94",bosch-uciblryhsh
1,"163,27",vdo-fsobwbysad
1,"51,4",vdo-qldmjkgyem
1,"59,98",bosch-hwtenzqcue
1,"8,23",purflux-ftazvnuuvd
1,"58,81",delphi-mvvnhiaxal
1,"9,27",bosch-okjxrwcqgm
1,"9,98",purflux-oqfdemguzd
1,"10,83",bosch-ngzsfqanpg
1,"55,94",bosch-hxsgihryul
4,"88,96",bosch-hvzmncrlbl
2,"105,92",bosch-ousbmsvwbe
1,"165,06",vdo-kxnwuiquas
4,"87,24",valeo-smhaauoagw
1,"55,78",vdo-mnnbajwyfy
1,"10,41",bosch-loxudescik
2,"119,32",bosch-fbcuirzrke
1,"10,4",purflux-ersgytrbvw
2,"104,88",valeo-irfzqqyatx
1,"153,17",delphi-wznavkcqhx
1,"167,19",bosch-jyugbievbm
1,"59,4",delphi-vwvkbskdww
2,"115,96",valeo-beirckvejs
2,"117,62",ferodo-soazpjmpkp
1,"7,56",bosch-xebjbunsys
1,"59,44",vdo-xhnqxsaivi
1,"7,2",bosch-qnuoenxref
1,"7,03",bosch-sstkwnwpbx
4,"94,64",valeo-mdziwwvorc
2,"108,96",brembo-mgkhctqdlc
1,"57,73",bosch-qddnikdlln
1,"10,89",purflux-kroztazchs
2,"113,38",valeo-slgsgpfrxj
1,"8,11",purflux-cynlxtlpeo
1,"56,45",vdo-zlkvcwnwfs
1,"55,21",valeo-sxnpytydmz
1,"8,46",purflux-sbfnvqlbpd
1,"164,46",delphi-zdihrjwwsq
1,"59,06",delphi-aqezswyicw
1,"51,41",ferodo-hxjmisarkf
1,"154,54",delphi-ulcgkehlcv
1,"56,37",bosch-aebwfcthhi
1,"152,16",vdo-hkpzconmxl
2,"110,68",valeo-xzvahbaqfb
1,"55,92",brembo-eemwspowxf
1,"58,5",bosch-puntikqdyy
1,"56,13",brembo-zlfnrgerai
1,"8,12",mann-xnddujveei
1,"59,35",bosch-paspvrfnsc
1,"157,38",vdo-cjkebasqqe
4,"93,48",bosch-brwawanyne
1,"9,34",bosch-dmqrxeetfn
1,"51,55",delphi-bccacrvqhv
1,"52,45",vdo-bplebdjzcy
1,"57,69",vdo-vhbquhvjpy
4,"88,44",valeo-lrwksqgjfm
1,"7,82",purflux-iqhdvkifsr
1,"9,81",purflux-uogclyqsjo
4,"97,6",ferodo-cepbykkwwr
1,"8,54",purflux-nfguhtahnc
1,"7,7",mann-qdhkqxbalk
1,"54,22",ferodo-csqhdgzpwr
2,"105,86",valeo-sevpcalssp
1,"56,15",delphi-wabofemftj
1,"55,61",vdo-miegnvozpz
4,"85,08",valeo-srjzdxhkta
1,"50,72",vdo-stmapwureh
1,"55,02",vdo-gcvlzzqume
4,"89,0",ferodo-jfcqkdzjas
1,"10,84",mann-yxhjfgadmp
1,"8,59",purflux-cxpdsxmxbt
4,"92,56",valeo-eleureycvd
1,"8,01",mann-xjdnoeazyt
1,"10,44",mann-oegdosbhxa
1,"153,6",vdo-ssyeugvjtf
1,"164,45",vdo-rsgvfumrkp
1,"56,24",delphi-mzmnkhzdak
1,"52,81",delphi-fpxchdrekf
4,"90,44",ferodo-fzmcdwsuft
1,"56,26",valeo-mvjjaeypmw
1,"53,53",valeo-irmjwmrlpe
2,"107,56",valeo-pwevrrqgxc
1,"59,36",delphi-igtffdhanc
1,"7,62",bosch-fcrnhnlfue
1,"160,03",delphi-mywvvdobor
1,"56,14",vdo-qdflxwqfym
4,"80,44",brembo-midhrrpviq
1,"59,7",brembo-iounwkmerc
1,"156,61",vdo-uaclfgdlxk
1,"55,94",bosch-lhchqigihz
1,"57,69",brembo-ddexbosfyt
2,"108,78",bosch-mpaijdljcn
1,"163,43",delphi-yejpdcdgjd
1,"164,37",vdo-xolgtdfezi
2,"106,98",valeo-vovnrixari
1,"56,54",delphi-mlqatrtzli
1,"54,62",vdo-axvbzgboja
1,"8,44",purflux-izojvnhlhn
2,"106,84",valeo-pdodpdrogh
1,"58,87",bosch-eqvbyranrl
1,"58,62",vdo-hhgzrhdmhm
1,"55,18",vdo-fmuqlanzxr
1,"160,45",delphi-bzotetncnp
1,"163,08",bosch-lhvulkzcii
1,"50,42",delphi-eyzlbnaepb
2,"103,36",valeo-ujpxotwckd
1,"56,22",ferodo-ddxmuatwec
1,"7,56",bosch-tyfhukpzqk
4,"89,28",valeo-ncfidbqdif
1,"10,3",mann-gknucqsurd
1,"54,5",vdo-zhrxeiblhk
2,"114,12",valeo-bipaszymau
1,"9,7",bosch-brkvnlqsav
1,"55,35",bosch-orlszpddbd
1,"54,32",ferodo-tvlymhbalu
1,"57,89",delphi-tqucrdqhwr
4,"91,52",valeo-lsqullrghj
1,"150,71",delphi-okvgjavoeo
1,"8,66",mann-xoriveiecg
1,"7,34",purflux-cradhsdthz
1,"7,03",bosch-qapnhjavzm
1,"8,59",purflux-lgygdjyfwb
1,"9,45",bosch-dtidcqoaiu
1,"51,67",vdo-kcpdaumcgx
4,"97,96",brembo-yvnlhplpmz
4,"89,84",brembo-tbtlfwkzho
4,"93,76",bosch-yqcygkqpki
1,"52,91",delphi-zawnphipqw
1,"156,94",vdo-ufabbpumkc
1,"56,73",brembo-qsllctadti
1,"168,58",delphi-uwrgrdyzyv
1,"157,99",vdo-qxdstohbrh
1,"159,41",bosch-tqudffsxeh
1,"9,63",mann-abxgdbhbcp
4,"95,04",valeo-eqetolpted
1,"8,77",purflux-xhqhusihfs
1,"166,16",vdo-avnjpdcoor
1,"153,25",bosch-wqyhydfxrt
1,"158,01",vdo-laykmqdcbe
1,"153,24",delphi-jdhpdmovzy
1,"9,14",bosch-flaspznayy
1,"8,96",bosch-ngboaaizhx
1,"7,96",mann-dnvhktuosf
4,"83,72",valeo-dkqnnvaxvt
1,"168,52",delphi-godksdshoq
1,"59,43",bosch-juwrqllceo
1,"163,33",delphi-utwbwmllao
4,"95,8",valeo-xtwxyllqjh
1,"53,11",brembo-vkqhmoacga
4,"99,08",ferodo-bgoymgdqva
4,"87,44",brembo-ascmntjeef
1,"57,15",delphi-yabqiovnif
4,"87,96",ferodo-mdqsfditpy
1,"155,4",vdo-eozqawuxyh
1,"54,94",bosch-ajrxcgkkrg
1,"53,71",ferodo-nktzulilvc
4,"87,96",valeo-xdxgpveqcz
4,"87,2",ferodo-anzfiwzmka
1,"152,51",vdo-barmjgdrei
1,"50,92",vdo-yuihssmype
1,"161,61",delphi-ucwpyqzbjn
1,"50,2",delphi-gqjudzwsrd
4,"93,76",valeo-xtsrvvlhzo
1,"10,23",mann-twamtrjqcx
1,"164,34",bosch-gwsgoupnyj
