Quantité,Prix total,Référence pièce
1,153.7,bosch-kdovcndfek
2,101.92,brembo-boixdeqdvc
1,52.48,delphi-ebcrkthqnv
4,93.2,ferodo-oxhvymnxdl
1,151.68,vdo-uaclfgdlxk
2,101.64,valeo-muxnbnkkys
2,109.42,valeo-ilevqxnlrm
1,161.61,delphi-zxqeduoorm
1,7.24,bosch-dtidcqoaiu
1,59.76,vdo-wtnbnktrkb
1,59.35,delphi-uuijltphmw
1,9.41,mann-tihkzsylol
4,86.6,ferodo-zmbzzydhkz
1,155.96,vdo-wtuwwnbjnk
4,81.48,ferodo-fbphzvydro
1,50.81,delphi-yabqiovnif
2,103.5,brembo-dyatmbyknd
1,51.66,delphi-wcpjrqiosk
1,52.89,bosch-ugxbrgfxps
1,8.39,mann-hmudpdrqak
1,58.7,valeo-slgsgpfrxj
1,8.89,purflux-ujsykusifh
4,81.08,brembo-esepebtvop
1,154.35,vdo-ilwjguojcz
1,58.73,valeo-demgictfjq
1,55.62,delphi-lmzwboczzg
1,7.57,mann-fstzaafbkz
4,89.76,bosch-lbrleuazxe
4,80.32,ferodo-mdqsfditpy
1,51.51,bosch-pqefzwukle
1,57.96,bosch-twknixqzzt
1,10.0,purflux-ytbytrbdct
1,53.3,vdo-qurqobardp
1,53.01,bosch-cujcvgviaa
1,54.55,ferodo-aiuswwsleg
1,52.69,ferodo-stbjcnjtfo
1,9.94,bosch-raocmeiuoi
1,157.39,delphi-evbuchdync
2,114.38,valeo-pfjkghygtx
1,51.83,bosch-cgjviizudu
1,55.22,ferodo-wxoikbgjwh
1,54.08,vdo-kwrffwdptf
2,111.46,ferodo-mnnajmubjb
1,8.33,mann-pnevbtkwak
4,98.6,bosch-kvxasoeent
1,8.95,mann-jahkeetsbg
1,165.03,delphi-egeglepblc
1,152.27,bosch-rqzleqlldw
1,9.14,purflux-tvdlefthny
1,56.82,vdo-uhjelycwmf
1,50.26,delphi-fltbtcxgik
1,52.56,vdo-nfbgpcafhq
1,10.09,bosch-yhcpqjuxtq
1,10.44,purflux-slztbhdiqi
1,159.16,vdo-wmkqmrbjgy
4,85.8,ferodo-ykviphcjxv
1,162.56,delphi-pxrjklndzc
1,9.61,purflux-wjfkxxbnpk
1,164.03,bosch-wegfoiguir
2,105.52,ferodo-ogrrzhuzos
1,55.38,delphi-qbmwaqxekd
1,9.44,bosch-mhjibbyqwn
1,7.16,bosch-piuqtgehuy
1,56.11,vdo-yuihssmype
1,58.98,bosch-hvvkfolvee
1,7.28,mann-hjubjdhhvp
1,9.27,bosch-znbolsvico
1,55.82,bosch-ejnuasemsu
1,54.2,brembo-cuklvyswsk
4,86.88,valeo-cxhezadila
1,9.27,purflux-sszkhgaewm
1,54.74,delphi-ailhwzyhki
4,85.4,bosch-xqmlqzypqy
1,57.01,ferodo-dgsrdovtqv
1,55.39,bosch-ccabpfktct
1,9.48,bosch-pouczkwsqk
1,9.76,bosch-gcjbcpjixo
1,153.97,bosch-dfnbutenhf
2,118.32,brembo-qwvgotcuuq
4,95.0,brembo-cspvhwvdlm
1,7.78,mann-enuqvtxxrx
2,116.16,bosch-odklflgvfp
4,89.92,bosch-hdjhgxeutd
1,8.25,mann-lncnnqzgfl
1,53.23,bosch-kcbiokeqrg
1,55.24,bosch-osfywzapol
4,99.96,brembo-skicfnpjmb
1,9.67,mann-jsuzmhkglj
1,52.62,brembo-fqrlfccrqm
1,9.56,mann-twamtrjqcx
1,8.46,purflux-cradhsdthz
1,168.34,delphi-qmxgbwcwsx
1,10.2,mann-pvaqrljhjg
1,159.63,delphi-gqwrnthxpe
1,10.6,mann-fzznxqrgfy
1,10.01,bosch-sstkwnwpbx
1,158.14,vdo-ufabbpumkc
4,90.04,bosch-xgkxdyexga
1,57.94,delphi-bausbzhavf
1,57.06,ferodo-rhijczcpey
1,8.03,purflux-ezloljgzgj
1,54.47,bosch-josdpjfuzq
1,52.55,bosch-mitrdxxtfj
1,10.98,mann-jebhkuavoz
1,165.26,delphi-bqfholvgbw
1,9.12,bosch-tdztxxjmzk
1,59.53,vdo-nkxbjrrhhh
1,52.3,delphi-vogubgdhob
1,54.39,bosch-cuqfmqcglq
1,52.41,valeo-owdwrybufk
4,98.6,bosch-cxwiafxdvp
2,112.76,valeo-qjwxhiitmf
4,89.12,brembo-vygpkplpec
4,85.16,bosch-rmkfgxztda
1,161.25,vdo-mtsdxlkdst
1,155.78,bosch-cjgbpevnyh
1,159.59,delphi-gzqimcqddv
1,9.25,bosch-ghldecpqnt
4,82.48,ferodo-fzmcdwsuft
1,9.01,mann-xjdnoeazyt
1,7.85,purflux-szdxextjzl
1,10.46,bosch-rdatbcnxxb
1,55.71,bosch-tlwkogxbgh
4,97.36,valeo-znpbcivsnl
1,8.86,mann-wqaysbbqib
1,59.35,delphi-mzmnkhzdak
1,9.54,mann-dnvhktuosf
4,99.88,brembo-fzsjvgqvrm
1,167.75,vdo-vzqkyeaiwo
1,57.63,bosch-jmafeqjkop
2,114.38,ferodo-hkbxwyegeg
1,8.64,purflux-xdeniuxubn
4,89.28,bosch-rvaybjcgru
1,10.52,bosch-yivaqxmjvt
1,7.13,purflux-ffkjulkzjj
1,7.79,mann-euassvvnah
1,7.76,mann-wygpqjmgtz
1,163.9,bosch-jyugbievbm
1,10.45,mann-dzujcbncbe
1,59.44,delphi-ewfhzmollh
4,94.44,valeo-eqetolpted
1,8.78,bosch-vhgzfmaylm
1,159.44,delphi-bgtbjzausm
4,83.36,brembo-qydpkqlsfi
1,59.9,vdo-fmuqlanzxr
1,165.24,vdo-xvvzzbksas
1,168.89,delphi-msuxmphzyk
4,87.36,brembo-qbbsubndzi
4,80.56,ferodo-nbfyhbrnxd
1,56.05,vdo-eykubtuhal
1,169.81,delphi-brndpfctml
1,155.72,vdo-zxqrxwrrvt
1,7.38,bosch-rsstfowxpi
1,9.75,bosch-sxutrjqnbu
1,56.31,bosch-mbxnbkthnd
1,150.1,bosch-jhdxwqufty
1,8.29,bosch-twvbrphxhs
1,53.83,bosch-vqeixndttp
1,10.37,purflux-srkfomngcg
1,168.97,vdo-riyyuyzxey
1,8.82,bosch-unbiftaexx
4,82.08,valeo-subsulxvyj
1,59.38,ferodo-gzofryqprv
1,8.28,purflux-eqyprdkete
1,53.66,bosch-fsqpxkjpjd
1,52.09,vdo-nstbnbbviw
1,150.88,delphi-yiomyplkik
1,54.27,vdo-izvvvjwzxm
2,111.46,ferodo-lltqypbhsu
1,152.55,bosch-guxqsklvvk
1,50.05,bosch-kkumldhocc
1,57.02,ferodo-efthffxclz
1,167.57,delphi-wqseoxhleg
1,168.28,delphi-oyrtknzhoe
1,50.41,vdo-cjwwuclsoh
1,59.55,valeo-bqfpnwyylo
1,59.33,bosch-cbxghqvfng
2,111.16,brembo-hyggjvicid
2,112.04,brembo-qqcbrytpko
1,53.31,bosch-ezcdpytozj
1,7.44,purflux-heuvqzirbo
4,94.24,bosch-qutxcbauda
2,114.12,ferodo-hhlnbxudei
1,50.61,delphi-vukjjfmjqp
4,80.68,brembo-kwntrmegpx
1,7.92,mann-ovxyaqucpr
1,57.9,vdo-psvplnqeie
1,169.32,delphi-wztpefousy
1,159.54,vdo-puealvyfag
4,100.0,valeo-qgilziucua
4,92.28,brembo-csstmkdusz
1,8.89,bosch-echbjxwowh
1,8.14,purflux-cawkqczapb
1,162.12,vdo-eknbtcjdbp
4,97.92,brembo-yvnlhplpmz
1,56.17,delphi-ggqrbiqykv
1,50.0,delphi-bccacrvqhv
1,10.23,mann-fbhguyochq
1,53.93,vdo-ckopmajwsz
1,57.49,vdo-hgwncnfrnl
1,7.85,purflux-kkcepyunfm
4,94.2,valeo-djziewuzop
1,55.79,bosch-zdjzfzivxt
1,10.97,bosch-kunrxstgfs
1,53.1,bosch-nnihboncjd
1,155.04,bosch-vetvqovjpa
4,80.64,brembo-oywyhumngp
1,10.63,purflux-uxszxpimeb
4,96.68,ferodo-bzbnrrvdoi
1,10.62,purflux-zvwqihvenq
2,100.92,brembo-lsnfkssohl
1,54.19,bosch-bejlxrvwyy
1,7.09,mann-cfhxkljhwi
4,80.32,ferodo-zfqmkjmsyy
2,111.54,ferodo-zosxfyzqxc
1,57.43,delphi-aqezswyicw
1,164.59,vdo-qetoxkkynl
2,103.58,ferodo-xljzdkwlby
2,108.58,bosch-vyksbdqmpj
1,8.79,mann-jiviqqauoi
1,59.22,bosch-ealqyvsnfb
1,10.7,bosch-vazmgiincu
1,156.46,bosch-pxdmjnjkwo
1,10.29,purflux-krsbsvhaxj
1,50.86,vdo-bmuutwusoa
1,59.89,vdo-zlkvcwnwfs
1,8.25,purflux-ftazvnuuvd
1,163.98,vdo-cjkebasqqe
2,114.12,ferodo-srvrbcejkv
1,51.29,vdo-yyzjamghes
1,60.0,delphi-brhjpzbkma
2,118.32,brembo-fdjobnerqq
1,59.6,bosch-vzvkejvhxw
1,160.33,delphi-bjcdhalerz
4,84.88,bosch-uoqvdzsljm
1,8.37,bosch-ekxpuggjlg
1,51.91,bosch-hwtenzqcue
1,157.43,delphi-fbamnegtdv
1,53.63,delphi-udumirsgyp
1,59.21,vdo-bplebdjzcy
1,54.08,delphi-rhgyravnhx
1,150.14,delphi-tfasijeqpp
2,116.22,bosch-dwmspkhxll
4,81.56,bosch-oqtlcitnub
2,111.12,valeo-xssieogorq
1,10.41,bosch-wwcuretgdz
1,58.07,valeo-ujpxotwckd
1,8.26,bosch-tlhnylmakd
1,50.57,ferodo-uobwknoqwl
4,86.48,ferodo-qxdghwolqo
1,53.37,bosch-jsjlccyhmf
4,90.84,valeo-twlpcvletp
1,56.57,vdo-ajlieazbia
2,116.88,brembo-jczeszspns
1,51.86,bosch-fbkdxwtwnp
1,160.13,vdo-yrdppyhmjv
4,92.96,ferodo-ahcrqxoxbr
1,7.96,purflux-xehfoozcci
1,7.18,bosch-zowkcczeff
1,10.55,purflux-blnqtgkacw
1,169.72,bosch-zxghbhzeso
1,57.29,bosch-kjrircezqq
1,8.66,bosch-ecxdtrxvmp
2,108.78,valeo-fiqiwhemzv
1,165.97,vdo-zxqmcbrbsf
1,51.08,bosch-cehmcsqkpl
1,168.93,vdo-lkuecbwuly
2,112.38,ferodo-avxuromfqz
1,10.65,purflux-iknebayiho
1,9.85,mann-fhceopfxfo
4,94.28,valeo-aftltxlabo
4,83.04,valeo-svacpoeliw
1,163.23,delphi-xqjpggnuoq
1,155.65,delphi-xycifkbyqv
1,54.29,delphi-anxaknfhqp
1,58.78,vdo-ujufsyspyd
1,154.49,vdo-mbzgrgabut
1,58.65,vdo-quvejsizqa
4,93.2,valeo-xtsrvvlhzo
1,161.54,vdo-jthnqzbccu
1,55.56,bosch-uakvrmczry
2,112.96,valeo-sxnpytydmz
4,91.56,brembo-yqkwocitul
4,99.08,ferodo-xkcdtrpvvm
4,96.2,bosch-vclffjteac
4,97.48,valeo-vzscaihrgj
1,59.4,bosch-vxzbzuqqsi
1,9.03,bosch-gwiigrxxrm
1,50.91,brembo-plzbfoasgl
1,165.84,bosch-gczkuxutel
1,8.98,bosch-dlvctzfgbd
1,50.29,delphi-sjmnifpymo
1,8.32,mann-sjrovighsp
2,113.94,valeo-xzvahbaqfb
1,57.41,delphi-juruystqtc
1,159.02,delphi-jvsxpzswqg
1,8.57,purflux-mfxmzwfotq
1,10.46,bosch-emfukjjjau
1,10.1,purflux-jzsenwcigo
4,87.32,brembo-rbcctcmznu
1,9.35,purflux-cmtzlfrjuy
1,150.65,vdo-gicxdaftvg
1,10.34,mann-qnevdhdinc
4,84.6,valeo-smhaauoagw
1,151.44,vdo-qgheuqarlt
2,115.92,brembo-izpfgdpfcs
1,53.03,vdo-hvmlahvcsq
1,162.83,bosch-duavofiojz
2,103.5,bosch-kczzrxmfuz
1,57.56,ferodo-rklawflass
1,9.0,purflux-cxpdsxmxbt
2,103.56,ferodo-szqlqqcwwp
4,97.68,brembo-rvanpcdfmb
1,156.13,bosch-hovaghofbl
1,9.45,mann-dirbzeotwb
2,111.54,ferodo-wbgthughdw
4,85.92,valeo-yzqwnvoreg
4,85.72,valeo-pqrtifdzhw
4,91.0,brembo-cvevkkizdz
4,89.6,valeo-vbkatpukyt
1,58.23,bosch-ghmzmxydrt
1,162.6,delphi-jdhpdmovzy
1,167.24,bosch-vscfodeish
1,51.62,vdo-rltgexshro
1,59.32,vdo-ousvxikgus
1,162.74,vdo-abfjgtvtrt
2,103.58,brembo-eemwspowxf
1,8.74,purflux-pijwfudoje
4,94.4,ferodo-jycdgjryft
1,164.27,bosch-iiiepfrybj
1,56.52,valeo-vwwbdxwjja
1,166.55,delphi-nycrvvrlmb
1,8.15,purflux-tgkzzlbscu
1,10.08,mann-btencbiruw
1,7.25,bosch-uaudugrkwl
1,7.6,bosch-wkrrcrfqnq
4,97.56,brembo-cyflsowktm
1,50.96,bosch-pznghywnan
4,86.04,ferodo-wtuofnykkk
1,10.51,purflux-avxbkuwdpl
2,102.22,ferodo-hxjmisarkf
1,10.09,mann-fulhrgdmsm
1,9.81,bosch-xirlyoanex
4,82.64,ferodo-pqjvcyetze
1,56.81,valeo-iopufffrio
1,59.85,delphi-ibrpojrahb
4,85.92,valeo-czgwmdtwww
1,52.9,vdo-kltedtylef
4,96.4,brembo-bknfjwjswm
1,56.36,delphi-hfemjuxjyz
4,97.08,valeo-beuaulzcze
1,56.81,delphi-jxsuziasap
1,51.92,brembo-hzeuswsktl
1,9.62,bosch-ftvyphdjrf
1,9.63,purflux-vnenmueqls
1,153.54,vdo-coyuzdqjwb
1,165.31,bosch-qaasfwcsja
4,91.08,valeo-xtwxyllqjh
1,55.95,ferodo-rehjsaibtw
2,110.88,bosch-uciblryhsh
1,50.11,ferodo-zbjadzfchd
1,55.32,brembo-pirbxlalmq
4,84.16,brembo-jsliynyjjh
1,9.9,bosch-exwjefnbhp
1,51.76,bosch-vjviybglyv
4,81.76,valeo-hsobkvtveb
1,53.37,vdo-jtguxxhrll
1,8.51,mann-okjljwzrwa
1,7.64,bosch-vrqnieombj
1,153.49,vdo-fvgwgaiupt
1,165.24,vdo-rgoyxjqdac
1,9.4,purflux-mcbteenvds
1,8.02,bosch-hpiinttmnu
1,165.92,bosch-fnudrjwmsb
1,55.41,vdo-blqwzixvmg
1,163.09,vdo-uqmnplhvsw
4,93.8,bosch-svddmffxow
4,91.28,valeo-panxnbjlrw
1,58.93,delphi-vgtrgqphwo
1,155.96,delphi-ibzelcfwoc
1,56.12,vdo-xhnqxsaivi
2,113.46,valeo-cvygoxsahn
1,163.88,delphi-huuoexiqro
4,85.12,valeo-iesfvbverv
1,151.01,vdo-bezzzocypb
1,9.38,purflux-zqyghnwukh
2,114.7,bosch-hxsgihryul
4,82.28,bosch-mnhwxjxvqq
1,165.72,delphi-vittbvgqxz
1,8.53,purflux-kroztazchs
1,56.72,delphi-whsozvlkjb
1,50.13,bosch-juwrqllceo
1,9.67,bosch-dmqrxeetfn
4,86.96,ferodo-jhqwyrlhrg
2,119.62,ferodo-kamnscvhdu
1,55.51,bosch-umbdklzfeh
1,151.36,bosch-hwxxatnxku
4,82.08,bosch-dojgipvabl
1,55.23,valeo-ubffxiscpi
1,156.46,vdo-hkpzconmxl
4,86.96,ferodo-lexurhqiil
4,90.8,valeo-anntvafvzx
4,84.72,brembo-flfavkndtn
1,167.28,vdo-fdiebodsez
1,57.62,delphi-bduecepwzn
1,52.18,delphi-qhlwwnjmur
1,7.59,bosch-bdtrjuhqjl
1,162.5,bosch-xwtwqrhfsm
4,93.84,brembo-fkguzminiy
1,150.55,bosch-lhvulkzcii
1,50.77,bosch-tdtmzjlqbv
4,82.64,brembo-wgldrpatpp
1,154.52,bosch-pnrhmbomnh
1,7.84,purflux-iwpuupewqi
4,97.56,valeo-oejdivauko
1,10.92,bosch-hijmlanyyy
4,89.48,bosch-nzozolhorw
4,88.96,valeo-yedkrspymg
4,90.44,ferodo-hezzhiwvpv
1,7.3,bosch-pmxseazaej
1,8.68,mann-bkdwnanxlx
1,51.46,valeo-furlxmriqs
1,157.56,bosch-dsjbimqfkt
1,166.01,vdo-ynrxdlluzm
1,151.65,bosch-jvunooavmq
1,55.57,valeo-bmxieybofg
4,92.92,bosch-lukhrdgjds
1,169.37,bosch-nhbihukfeu
1,51.79,bosch-czvuezdkyo
1,9.79,mann-ppgmmjimke
1,8.97,purflux-pefvcndisi
1,56.48,vdo-enwsdfvkpn
1,167.0,bosch-btjvlcqfnt
1,10.67,purflux-sbfnvqlbpd
2,115.26,bosch-yhfggzkoxh
1,9.04,bosch-dvbptabhkf
1,10.62,mann-xojestnjev
4,86.8,ferodo-wgyisnuuvy
1,154.82,vdo-iermqplfxt
1,163.59,bosch-bezubtxstv
1,157.32,vdo-nnuybjkrtx
1,8.15,mann-dkllaftrrz
1,56.75,ferodo-tilshbsyxc
4,95.76,ferodo-fhdgxujbnl
1,50.4,bosch-xagynlzwhb
1,53.97,delphi-exmzapxmvh
4,84.68,brembo-whqegprotl
1,7.58,bosch-hbpupmqmso
1,59.09,valeo-sebkwtugni
4,81.24,valeo-huvopqnnhn
2,117.62,valeo-cuvtlxzkkn
4,87.16,valeo-faekuufkho
1,9.69,bosch-ntohitucfs
1,164.88,bosch-fgpuqpwbvr
2,107.5,valeo-afniddjskv
1,153.07,bosch-gvbguyqepn
1,167.74,delphi-rlmeriglep
4,95.04,brembo-ghusqceslm
2,109.78,brembo-ihscetemdy
1,160.79,vdo-yzgdcpvkam
4,94.56,valeo-bmkptcoqtf
1,150.13,bosch-vxtpiximvw
1,54.9,vdo-djzzcpbpky
1,54.58,vdo-upwjybxwqj
2,107.94,bosch-sianaxqgya
1,158.42,bosch-xxcbpuzkjq
1,56.57,bosch-vkcxtvterq
4,90.2,valeo-dkqnnvaxvt
1,7.31,mann-oegdosbhxa
4,85.04,bosch-grvnqwrauj
1,55.78,bosch-qmsmwmkxha
1,7.97,bosch-zjitrbwups
4,96.84,valeo-umoghaccov
1,59.0,vdo-mnwegqjbue
2,111.58,bosch-evujbbrtzl
1,168.17,delphi-xaknwionvw
1,158.15,delphi-ucwpyqzbjn
1,55.18,bosch-agtgemmcpy
1,9.06,bosch-vqpxpzrfhr
1,10.33,mann-yeznkktwof
1,9.34,mann-ybqlbdztqy
1,7.83,bosch-wayjseefnv
1,56.58,valeo-ngfcmvvtda
1,8.39,mann-fjlsawsius
1,157.55,delphi-uwrgrdyzyv
1,158.95,bosch-wiaiuwgufz
1,57.22,bosch-ukqjmlqrrn
2,111.04,bosch-szrimkbgsn
1,8.34,bosch-royrddrfao
1,8.92,bosch-dqsbdtoeus
1,9.17,bosch-yctfpwfuch
4,94.84,ferodo-neittsreze
1,7.04,bosch-xsezopxtpy
1,160.05,bosch-bwfghfgqwv
1,54.83,bosch-opaytyiutu
2,111.66,valeo-vfanvuxcrv
4,96.6,bosch-zyormoxnox
1,151.32,bosch-cephkunuck
1,8.25,mann-bxjdrtudil
2,103.62,brembo-dohpbgvlyh
1,50.79,ferodo-wdggpttzbz
1,50.26,bosch-xhhjapwqhd
1,8.35,purflux-wwzhumopdz
1,163.31,vdo-jngnicolop
1,8.95,mann-xnddujveei
1,9.4,bosch-vygeofwwia
1,50.24,ferodo-tmpeyvstfw
1,58.91,valeo-ullxplxqeu
1,9.63,mann-gknucqsurd
4,83.92,ferodo-mlenfprlnb
2,110.92,valeo-vovnrixari
2,118.7,bosch-espfjxizcl
1,9.1,bosch-evhofiwqvw
1,165.46,bosch-ajtvbjnoya
1,10.3,purflux-aerumkooxn
1,55.26,bosch-clfbvrsnfn
4,92.32,brembo-rjydfebriq
1,53.81,bosch-zvweqywnob
1,7.69,bosch-vqfewmwkwc
4,86.96,valeo-mdziwwvorc
4,90.0,valeo-ajodtbhsth
1,58.8,delphi-unkqoimlmi
1,50.85,vdo-njczynkoeo
1,59.68,delphi-ialzfffmpo
1,160.72,delphi-yejpdcdgjd
1,166.27,delphi-cododyofmg
1,150.32,bosch-gwsgoupnyj
1,10.79,purflux-jiglobxfvk
1,156.98,vdo-nfseocelaa
4,99.44,valeo-obhswblboi
1,53.37,brembo-ekzhtvuirx
1,154.21,delphi-lhlfoxnoyb
1,9.67,purflux-lgygdjyfwb
1,8.16,mann-auydvxvtba
1,55.52,bosch-aejvsmffjo
1,54.12,delphi-bcjfuibgrt
1,154.45,delphi-duwelpxdnz
4,81.08,brembo-mcctxsazom
1,158.63,vdo-ikfrjtpcnv
1,166.01,bosch-clkkqvwgfr
1,55.74,bosch-exxjouuvkg
1,51.71,delphi-wabofemftj
4,89.72,brembo-faurzaxsqh
2,110.62,bosch-ztnwhmakhi
1,9.88,bosch-ukwwkfegdc
1,53.19,vdo-knnvdkpquu
4,87.28,valeo-lsqullrghj
1,58.4,vdo-utdhyuthhv
1,52.04,vdo-vyomeieqnv
1,53.23,ferodo-rbutcdsnnt
4,86.04,ferodo-bkzghdzxyf
1,8.4,purflux-cvatuxjnwn
1,56.31,bosch-fhcythmipe
2,102.7,ferodo-qpheululqz
1,7.19,mann-jleewittpv
4,85.8,bosch-fqamydxril
1,50.23,delphi-desisafkns
1,55.64,valeo-jhvlmcqmzu
1,166.98,delphi-zidszchdxl
1,51.74,vdo-cxfhbxwvqq
1,55.33,bosch-iurhbzjolp
2,118.66,valeo-iozosmvxpk
1,161.11,delphi-dajqnnmvlp
1,51.76,bosch-gkmzjamtrd
1,169.43,vdo-ngpcmfeuzd
4,88.72,valeo-lhmxlnttld
4,99.2,brembo-iuxmqxyxkk
1,52.47,ferodo-mbblkipnvn
1,7.45,mann-qnkqakigzm
1,55.32,vdo-vvyztkmsjt
1,163.32,delphi-kosyhhgulw
1,57.0,delphi-tqucrdqhwr
1,151.85,vdo-qzlxspbdrb
1,53.54,delphi-dxbcgighvd
1,154.9,bosch-bppevjolqn
1,150.61,bosch-cgxrwwvorz
1,166.33,delphi-przxgonmfm
1,57.29,valeo-ywufridsrt
1,51.66,bosch-fbssjhctyg
1,50.89,vdo-sjpdjwxblg
1,56.84,bosch-gryblltblt
1,7.79,purflux-nfguhtahnc
4,82.36,valeo-jyqdkpmpbk
2,114.62,bosch-slaeimhhcc
1,160.42,delphi-pnvfrpdmfl
1,9.18,purflux-hqrnbyljlw
1,53.77,vdo-pdnlhrmlrm
2,118.2,brembo-hynsmpvudy
1,165.72,vdo-cupgweawyk
4,93.64,ferodo-nkbgnixrrc
1,10.77,mann-tjduzhhrpm
1,58.25,valeo-tphosnojhu
1,153.2,delphi-hksuitnbsq
1,9.49,mann-gswpxvvusl
1,10.15,bosch-xssyxnecjl
1,156.33,delphi-tpkpuksljs
1,168.4,delphi-flrnwzrfkr
4,97.12,brembo-mxgnpdqafe
1,58.3,brembo-vkqhmoacga
1,166.6,bosch-fiftlzzudg
1,56.46,delphi-phzclzpxhi
4,84.72,brembo-yhgxvtbsur
4,88.68,ferodo-gqceqqiyur
4,83.12,brembo-tbtlfwkzho
1,152.65,vdo-sujwnapdwz
1,54.19,bosch-aogknkrmpk
1,10.69,mann-vptfolatwk
4,89.28,ferodo-psphisumhj
1,162.48,bosch-wsunlrraoo
4,93.0,ferodo-ukquctctcn
1,9.32,bosch-dzrnrxqamx
4,96.88,ferodo-aadrpooduz
1,164.21,vdo-wwjduowrpj
1,10.94,bosch-vmirjnqkrs
1,161.9,delphi-onyaswyxsd
1,159.68,bosch-ttaewrmitx
1,10.9,purflux-fnkbfsflhs
1,56.65,bosch-kgnstoicuo
1,55.02,delphi-fpxchdrekf
4,91.68,brembo-xxwmoaiihl
4,81.0,bosch-ribfccnext
1,58.9,bosch-vfcyraatut
2,116.72,brembo-joaohjpjgz
1,156.98,delphi-lndrgmrksb
1,164.43,vdo-jgtkocuinf
1,52.08,bosch-wkbwjqmpgi
1,58.04,brembo-lbfqkuskyo
1,8.17,mann-sjoddzhvzn
1,7.53,bosch-cngsdiqtmk
4,84.68,bosch-vnlfoegwnj
2,103.88,valeo-zdavgzymjg
1,54.18,bosch-sltealbmox
1,7.61,bosch-dkpyliqzxh
1,152.04,delphi-exynruxxao
1,154.15,vdo-ssyeugvjtf
1,10.05,mann-qdhkqxbalk
1,9.2,bosch-yxdxvmsigo
1,50.24,brembo-xloloflztd
2,118.26,ferodo-evkbsmirou
4,96.28,bosch-zvfwcqbpmv
1,7.81,mann-xezyrphllt
1,7.07,mann-mxmerccdet
1,162.71,bosch-gmydtscqej
2,115.66,ferodo-uagfmgzxqt
1,168.3,bosch-gzxleaofui
4,94.64,brembo-mkynzybinx
4,81.56,brembo-crgbshtrxh
1,53.6,delphi-mlqatrtzli
1,54.54,ferodo-nvbdcvjmra
1,52.42,ferodo-lgertvovvc
2,112.76,ferodo-jzwccqwvfw
1,166.58,vdo-cbslygqjny
4,93.68,valeo-wdqbsdfnxv
1,155.57,delphi-jvxlqwihzy
1,164.03,delphi-mdiibbijic
1,58.19,bosch-daphlbystw
4,97.92,brembo-qvbzyldfur
2,100.84,brembo-jbrllhasko
1,161.79,vdo-axihivljhd
1,52.12,valeo-mvjjaeypmw
4,83.0,valeo-tikaexawtk
2,114.72,brembo-zlfnrgerai
2,113.44,brembo-nexrlxfckh
1,7.27,bosch-rrtfjdufoj
4,81.44,ferodo-qsxkizbrpi
1,7.26,bosch-pbqiopxqxe
4,97.12,ferodo-kqanngtkjt
4,94.76,brembo-goctomclub
1,9.58,bosch-waxjylwmtt
4,95.08,valeo-cxbuvgtncp
1,152.47,bosch-fldzgvhekn
4,95.96,valeo-djzvekzhho
1,10.15,bosch-kcquqmfqxu
1,55.84,bosch-dpxmaoruzp
1,54.22,bosch-paspvrfnsc
1,166.96,delphi-fwzcccgilk
1,53.09,brembo-etktbisyyj
1,54.97,vdo-wtokstaaxu
1,154.18,bosch-vfwcntkcwo
1,155.35,vdo-fzwyghnwjb
1,9.65,mann-qklqucmohc
1,7.74,bosch-uuccmghxnh
4,88.8,bosch-iynxvzcypq
1,53.99,brembo-lnnqahxeix
2,101.48,bosch-encdhqjkkv
1,154.45,vdo-nwzdhbfxkq
1,165.72,bosch-owqnfebgtu
4,91.36,valeo-romcozfcey
4,83.16,valeo-xdrddimvcd
1,58.15,vdo-qdflxwqfym
4,90.56,ferodo-dtwyjzluwi
1,59.81,delphi-dhvdbewsrr
4,92.6,valeo-faicyvjzan
1,9.36,bosch-flaspznayy
1,10.92,bosch-dkllunhnkx
4,91.76,brembo-midhrrpviq
2,112.8,bosch-uqkafpbtrn
1,53.85,bosch-pzvktmwmyt
1,57.07,bosch-hoehqnqczq
1,55.15,valeo-bipaszymau
1,152.47,vdo-vqrdgvfznj
1,9.98,bosch-wryqvotyuj
4,80.52,ferodo-ixywnvoldd
1,57.09,delphi-zzwjynpekr
1,56.39,delphi-zgdfqooarg
4,94.8,ferodo-xnqehcpcxd
2,106.48,valeo-irfzqqyatx
1,9.26,bosch-okjxrwcqgm
2,104.24,valeo-snavyzvtrk
1,9.33,purflux-cynlxtlpeo
1,56.6,bosch-ffqnxwyxtm
1,9.03,purflux-gxeqigzeoz
1,52.4,bosch-haezlgwysr
1,160.66,delphi-mywvvdobor
2,106.34,valeo-sithxcyyne
2,111.52,bosch-nwezlmvujd
1,9.88,purflux-nyqdfrrgdt
1,9.18,mann-fiqvwyjnin
1,168.83,vdo-kxnwuiquas
1,58.15,ferodo-nktzulilvc
1,54.13,bosch-vcclgbdkrb
1,56.38,valeo-fxmmpqrwbo
1,54.25,bosch-onrndidyar
1,53.39,valeo-auikzlgeca
1,53.41,delphi-atfjfdmgvq
1,50.2,vdo-bckknsbwmw
2,115.8,ferodo-nkvqngoyas
1,9.88,purflux-fsyfiakdbg
4,81.52,brembo-bhlqipwlzw
1,168.68,vdo-xolgtdfezi
1,54.42,ferodo-yotkmbbvhp
1,58.22,vdo-lmsmvcphkv
4,87.84,valeo-gqhaomxmqw
1,154.3,bosch-sckyzveicu
4,84.08,bosch-rmnigcmzfy
1,50.69,bosch-izxgdghunl
1,7.49,purflux-tmflzpukbu
2,109.7,valeo-lohjjfchyw
1,8.05,bosch-niaenaqtth
1,160.0,bosch-ttcrddenmj
4,83.88,bosch-jxllqhlsxg
1,151.52,delphi-ckuprztacc
1,155.94,delphi-llvkpjsrvp
4,95.0,valeo-aqpouplrvs
1,8.61,mann-yumdkvyzzx
4,81.8,ferodo-jfcqkdzjas
1,57.83,vdo-vpprxmemrg
1,8.29,bosch-jhtijrjyhy
1,152.78,vdo-yaxgmdphqs
1,162.46,bosch-gfmyuwgtkh
1,51.32,valeo-giuhjpahmg
1,8.79,purflux-cihjzldzmq
2,106.7,valeo-vkzwahgcub
1,54.67,bosch-etovzatndm
1,9.64,bosch-isytkbznnj
2,102.12,bosch-kccokrwaur
1,164.28,vdo-usgomcemog
1,50.57,bosch-fprxpsmsku
4,96.24,ferodo-twdpwmsfpe
1,58.08,ferodo-jkuiyfvhco
2,108.22,bosch-gpvqzjvwyx
